listing_link,scraping_date
https://keeb-finder.com/keyboards/hope-75s-premium-kit-的副本,2024-03-28
https://keeb-finder.com/keyboards/epomaker-ek21,2024-03-28
https://keeb-finder.com/keyboards/lofree-milk-tea-keyboard-1,2024-03-28
https://keeb-finder.com/keyboards/lofree-lipstick-keyboard,2024-03-28
https://keeb-finder.com/keyboards/lofree-wanderfree-portable-mechanical-keyboard,2024-03-28
https://keeb-finder.com/keyboards/lofree-dot-mehnical-keyboard-dark-knight-collection,2024-03-28
https://keeb-finder.com/keyboards/lofree-dot-mechanical-keyboard-mid-summer-collection,2024-03-28
https://keeb-finder.com/keyboards/lofree-1-misty-semi-transparent-frosted-mechanical-keyboard,2024-03-28
https://keeb-finder.com/keyboards/lofree-touch-cyberpunk-pbt-mechanical-keyboard,2024-03-28
https://keeb-finder.com/keyboards/lofree-1-moru-transparent-mechanical-keyboard,2024-03-28
https://keeb-finder.com/keyboards/lofree-1-transparent-keyboard-nature-edition,2024-03-28
https://keeb-finder.com/keyboards/dygma-defy,2024-03-28
https://keeb-finder.com/keyboards/yunzii-k21-mint-hot-swappable-mechanical-numeric-keypad-rgb-21-keys-wired-mini-numpad-gaming-keypad,2024-03-28
https://keeb-finder.com/keyboards/yunzii-ajazz-ak992-hot-swappable-gasket-mounted-mechanical-keyboard,2024-03-28
https://keeb-finder.com/keyboards/yunzii-k21-macaron-hot-swappable-mechanical-numeric-keypad-rgb-21-keys-wired-mini-numpad-gaming-keypad,2024-03-28
https://keeb-finder.com/keyboards/romac-macro-pad,2024-03-28
https://keeb-finder.com/keyboards/pockettype,2024-03-28
https://keeb-finder.com/keyboards/mbuk-macro-pad-kit,2024-03-28
https://keeb-finder.com/keyboards/spin-macro-pad-kit,2024-03-28
https://keeb-finder.com/keyboards/sesame-kit,2024-03-28
https://keeb-finder.com/keyboards/the-uno,2024-03-28
https://keeb-finder.com/keyboards/reverb-kit,2024-03-28
https://keeb-finder.com/keyboards/petals-sixty,2024-03-28
https://keeb-finder.com/keyboards/am-compact-touch-2,2024-03-28
https://keeb-finder.com/keyboards/de64-v2-pcb-yd60mq-rgb-iso-es-hot-swap-diy-kit,2024-03-28
https://keeb-finder.com/keyboards/de67-ansi-hot-swap-diy-kit,2024-03-28
https://keeb-finder.com/keyboards/de64-v2-pcb-yd60mq-rgb-iso-es-soldered-diy-kit,2024-03-28
https://keeb-finder.com/keyboards/keydous-nj80-cp,2024-03-28
https://keeb-finder.com/keyboards/fancy-nt-pad-keyboard-kit,2024-03-28
https://keeb-finder.com/keyboards/kbdfans-tiger80lite-keyboard-kit,2024-03-28
https://keeb-finder.com/keyboards/corsair-k100-rgb-optical-mechanical-gaming-keyboard,2024-03-28
https://keeb-finder.com/keyboards/idobao-id87-crystal-gasket-mount-mechanical-keyboard-kit,2024-03-28
https://keeb-finder.com/keyboards/idobao-id87-bestype-hot-swap-brass-weight-keyboard-kit,2024-03-28
https://keeb-finder.com/keyboards/ymdk-split-64-sp64-cnc-aluminum-case-hot-swap-rgb-diy-kit,2024-03-28
https://keeb-finder.com/keyboards/ymdk-hot-swap-96-walnut-beech-wooden-case-kit,2024-03-28
https://keeb-finder.com/keyboards/pixie-macropad,2024-03-28
https://keeb-finder.com/keyboards/keyno-y-8-heat-colored-edition,2024-03-28
https://keeb-finder.com/keyboards/kbd67-lite-r3-mechanical-keyboard-diy-kit,2024-03-28
https://keeb-finder.com/keyboards/shinobi,2024-03-28
https://keeb-finder.com/keyboards/keychron-k7-max-qmk-via-wireless-custom-mechanical-keyboard,2024-03-28
https://keeb-finder.com/keyboards/keychron-k5-max-qmk-via-wireless-custom-mechanical-keyboard,2024-03-28
https://keeb-finder.com/keyboards/keychron-k3-max-qmk-via-wireless-custom-mechanical-keyboard,2024-03-28
https://keeb-finder.com/keyboards/kbd67-r1-lite-mechanical-keyboard-diy-kit-black,2024-03-28
https://keeb-finder.com/keyboards/sword-2-49-retro-grey,2024-03-28
https://keeb-finder.com/keyboards/keychron-q0-plus-qmk-custom-number-pad,2024-03-28
https://keeb-finder.com/keyboards/keychron-k13-max-qmk-via-wireless-custom-mechanical-keyboard,2024-03-28
https://keeb-finder.com/keyboards/keychron-k1-max-qmk-via-wireless-custom-mechanical-keyboard,2024-03-28
https://keeb-finder.com/keyboards/keychron-q0-max-qmk-custom-number-pad,2024-03-28
https://keeb-finder.com/keyboards/dustsilver-kitty-paw-artisan-handmade-keycaps,2024-03-28
https://keeb-finder.com/keyboards/dustsilver-christmas-tree-artisan-handmade-keycaps,2024-03-28
https://keeb-finder.com/keyboards/dustsilver-bow-gift-keycap-artisan-handmade-keycaps-的副本,2024-03-28
https://keeb-finder.com/keyboards/dustsilver-little-overlord-artisan-handmade-keycaps,2024-03-28
https://keeb-finder.com/keyboards/dustsilver-green-frog-keycap-artisan-handmade-keycaps,2024-03-28
https://keeb-finder.com/keyboards/dustsilver-multi-color-silicone-kitty-paw-artisan-keycap,2024-03-28
https://keeb-finder.com/keyboards/skyloong-sk96-coral-sea,2024-03-28
https://keeb-finder.com/keyboards/coolkiller-rococo-hot-swappable-wireless-number-pad,2024-03-28
https://keeb-finder.com/keyboards/hexgears-impulse-mechanical-keyboard,2024-03-28
https://keeb-finder.com/keyboards/keyboardio-atreus-mechanical-keyboard,2024-03-28
https://keeb-finder.com/keyboards/retro-classic-bt,2024-03-28
https://keeb-finder.com/keyboards/retro-classic-usb,2024-03-28
https://keeb-finder.com/keyboards/rck,2024-03-28
https://keeb-finder.com/keyboards/mk-retro-keyboard,2024-03-28
https://keeb-finder.com/keyboards/retro-compact-keyboard-limited-edition,2024-03-28
https://keeb-finder.com/keyboards/foqo-pro-wireless-hot-swappable-keyboard,2024-03-28
https://keeb-finder.com/keyboards/izo-wireless-keyboard-red-switch,2024-03-28
https://keeb-finder.com/keyboards/izo-keyboard-blue-switch,2024-03-28
https://keeb-finder.com/keyboards/retro-compact-keyboard-japanese-layout,2024-03-28
https://keeb-finder.com/keyboards/km535-antimicrobial-combo,2024-03-28
https://keeb-finder.com/keyboards/kmc226-waterproof-combo,2024-03-28
https://keeb-finder.com/keyboards/kb505u-vision,2024-03-28
https://keeb-finder.com/keyboards/kb512,2024-03-28
https://keeb-finder.com/keyboards/starter-case-whitefox-eclipse,2024-03-28
https://keeb-finder.com/keyboards/idobao-id67-periwinkle-keyboard,2024-03-28
https://keeb-finder.com/keyboards/basketweave-alice-style-keyboard-kit,2024-03-28
https://keeb-finder.com/keyboards/class-0413,2024-03-28
https://keeb-finder.com/keyboards/geon-f1-8x-v2-barebone-keyboard-kit,2024-03-28
https://keeb-finder.com/keyboards/nlz-plum-x87,2024-03-28
https://keeb-finder.com/keyboards/eh112s-bluetooth-mechanical-keyboard,2024-03-28
https://keeb-finder.com/keyboards/black-gold-collection,2024-03-28
https://keeb-finder.com/keyboards/chocolate-typewriter-mechanical-keyboard,2024-03-28
https://keeb-finder.com/keyboards/lofree-dot-typewriter-mechanical-keyboard-chiangnan-edition,2024-03-28
https://keeb-finder.com/keyboards/lofree-dot-pride-of-peacock-mechanical-keyboard,2024-03-28
https://keeb-finder.com/keyboards/lofree-touch-fading-summer-triple-mode-mechanical-keyboard-limited-edition,2024-03-28
https://keeb-finder.com/keyboards/monokei-standard,2024-03-28
https://keeb-finder.com/keyboards/copy-of-gb-monokei-x-kage-se,2024-03-28
https://keeb-finder.com/keyboards/notfromsam-s80-v2-barebones-keyboard-kit,2024-03-28
https://keeb-finder.com/keyboards/group-buy-meletrix-zoompad-x-teacaps-brown-sugar-boba-edition-november-batch,2024-03-28
https://keeb-finder.com/keyboards/keychron-q0-qmk-custom-number-pad,2024-03-28
https://keeb-finder.com/keyboards/rcbt-limited-edition-set,2024-03-28
https://keeb-finder.com/keyboards/foqo-wireless-keyboard,2024-03-28
https://keeb-finder.com/keyboards/mk-mac-usb,2024-03-28
https://keeb-finder.com/keyboards/kb510w-wireless,2024-03-28
https://keeb-finder.com/keyboards/kb506-vision,2024-03-28
https://keeb-finder.com/keyboards/tera75-wireless-keyboard,2024-03-28
https://keeb-finder.com/keyboards/draconic-k530-pro-se,2024-03-28
